flowchart1.vsd_page_1	End;Process 7;Decision 1;Process 3;Process 2;Process 1;Start.;YES;Process 6;\uo-;Decision 2;Process 5;Process 4
flowchart10.vsd_page_1	End;Frncess 7;Frncess 2;7N0,;Decisinn 1;Frncess 1;Start;YES;Frncess 6;_N0_;Decisinn 2;Frncess 5;f‘igggzzj;Frncess 3;YES
flowchart100.vsd_page_1	End;was;4.0,;Sc
flowchart11.vsd_page_1	End;Frncess 10;Frncessélraciss;Frncess 3;Nb;Frncess 2;,YES,;Decisinn 1;Frncess 1;Start;rigggzzsa;rigggzzsq;Frncess 7;Frncess 6;Nb;«{ Frncess 5;fYESr;Decisinn 2
flowchart12.vsd_page_1	End;s:
flowchart13.vsd_page_1	End;was;4.0,;#557;P:;Sc
flowchart14.vsd_page_1	End;s:
flowchart15.vsd_page_1	End;Sc
flowchart16.vsd_page_1	End;Frncess 6;-YES-;Decisinn 1;Frncess 1;Start;YES;Frncess 5;~N07;Decisinn 2;Frncess 4;Frncess 3;N0;Frncess 2
flowchart17.vsd_page_1	End;Process 7;Decision 2;Process 3;Process 2;Jags,;Decision 1;Process 1;Start.;YES;Process 6;.110.;Decision 3;Process 5;Process 4
flowchart18.vsd_page_1	End;Process 3;Process 2;Decision 1;Process 1;Start.
flowchart19.vsd_page_1	End;Frncess 10;Frncess 5;rYESr;Decisinn 2;’PFrucessé‘raciss;Frncess 3;YES;Frncess 2;7N0,;Decisinn 1;Frncess 1;N0;Start;Frncess 9;-YES-;Decisinn 3;Frncessrucass;Frncessrucgss;Frncess 6;Nb
flowchart2.vsd_page_1	End;was;\“o,;was;Sc
flowchart20.vsd_page_1	End;Frncess 4;Frncess 3;Frncess 2;Frncess 1;Start
flowchart21.vsd_page_1	End;Sc
flowchart22.vsd_page_1	End;Process 1;Start.
flowchart23.vsd_page_1	End;Sc;«Es.;was;\m;was;4.0,
flowchart24.vsd_page_1	End;s:
flowchart25.vsd_page_1	End;Process 5;Decision 1;Process 1;Start.;YES;Process 4;,"0,;Decision 2;Process 3;YES;Process 2;.110.
flowchart26.vsd_page_1	End;Process 7;Decision 2;Process 3;Process 2;Decision 1;Process 1;Start.;YES;Process 6;.110.;Decision 3;Process 5;Process 4
flowchart27.vsd_page_1	End;msgﬁaﬁq;Decision 1;Process 3;Process 2;Process 1;Start.;Process 9;Process 8;Process 7;Process 6;Process 5;Process 4
flowchart28.vsd_page_1	End;was,;Sc
flowchart29.vsd_page_1	End;Sc
flowchart3.vsd_page_1	End;Process 6;Start.;YES;Process 5;4107;Decision 1;Process 4;Process 3;Process 2;Process 1
flowchart30.vsd_page_1	End;was,;Sc
flowchart31.vsd_page_1	End;Process 10;,"0,;Decision 2;Process 5;Process 4;YES;Process 3;.110.;Decision 1;Process 2;Process 1;Start.;Process 9;Jags.;Decision 3;Process 8;Process 7;YES;Process 6
flowchart32.vsd_page_1	End;Process 7;Decision 2;Process 3;YES;Process 2;4107;Decision 1;Process 1;Start.;YES;Process 6;.110.;Decision 3;Process 5;Process 4
flowchart33.vsd_page_1	End;rigggzzﬂ;Start;Frncess 5;Frncess 4;YES;Frncess 3;7N0,;Decisinn 1;rigggzzﬂ;Frncess 1
flowchart34.vsd_page_1	End;Sc
flowchart35.vsd_page_1	End;Frncess 9;Decisinn 2;Frncess 5;kFrDcess4 ‘raciss;Frncess 3;YES;Frncess 2;,No,;Decisinn 1;Frncess 1;Start;YES;Frncess 8;_N0_;Decisinn 3;Frncess 7;YES;Frncess 6
flowchart36.vsd_page_1	End;Sc;«Es.;,YES,
flowchart37.vsd_page_1	End;Frncess 3;Nb;«{ Frncess 2;,YES,;Decisinn 1;Frncess 1;Start
flowchart38.vsd_page_1	End;Frncess 7;Decisinn 2;Frncess 3;N0;Frncess 2;,YES,;Decisinn 1;Frncess 1;Start;N0;-{ Frncess e;-YES-;Decisinn 3;Frncess 5;Nb;Frncess 4;rYE$
flowchart39.vsd_page_1	End;Frncess 5;Decisinn 1;Frncess 1;Start;Nb;Frncess 4;,YES,;Decisinn 2;Frncess 3;N0;Frncess 2;-YES—
flowchart4.vsd_page_1	End;Frncessrucﬁss 9;Frncess 3;YES;Frncess 2;7N0,;Decisinn 1;Frncess 1;Start;Frncessrncass 8;Frncess 7;Frncessruciss e;Frncess 5;N0;«{ Frncess 4;,YES,;Decisinn 2
flowchart40.vsd_page_1	End;was;Sc;4:0-;was;4.0,
flowchart41.vsd_page_1	End;Process 10;Process 5;,"0,;Decision 2;Process 4;Process 3;YES;Process 2;,"0,;Decision 1;Process 1;YES;Start.;Process 9;.110.;Decision 3;‘Process 8‘;‘Process 7‘;Process 6;YES
flowchart42.vsd_page_1	End;Process 8;Decision 1;Process 1;Start.;Process 7;Process 6;Process 5;Process 4;Process 3;no;Process 2
flowchart43.vsd_page_1	End;was,;Sc;was;was
flowchart44.vsd_page_1	End;Process 3;Process 2;Decision 1;Process 1;Start.
flowchart45.vsd_page_1	End;Sc
flowchart46.vsd_page_1	End;Frncess 4;YES;«{ Frncess 3;7N0,;Decisinn 1;rigggzzﬂ;Frncess 1;Start
flowchart47.vsd_page_1	End;Sc
flowchart48.vsd_page_1	End;Process 6;Start.;YES;Process 5;4107;Decision 1;Process 4;Process 3;Process 2;Process 1
flowchart49.vsd_page_1	End;Frncess 1;Start
flowchart5.vsd_page_1	End;Process 1;Start.
flowchart50.vsd_page_1	End;Process 8;Decision 1;Process 1;Start.;Process 7;Process 6;Process 5;Process 4;Process 3;YES;Process 2;4107
flowchart51.vsd_page_1	End;,"0,;Decision 2;Process 5;Process 4;Process 3;no;Process 2;4mg,;Decision 1;Process 1;Process 9;Start.;YES;Process 8;4107;Decision 3;Process 7;YES;Process 6
flowchart52.vsd_page_1	End;Process 5;Decision 1;Process 1;Start.;no;Process 4;Decision 2;Process 3;Process 2;Jags.
flowchart53.vsd_page_1	End;#557;Sc
flowchart54.vsd_page_1	End;Frncess 3;YES;«{ Frncess 2;7N0,;Decisinn 1;Frncess 1;Start
flowchart55.vsd_page_1	End;s:
flowchart56.vsd_page_1	End;Process 10;Process 4;Jags.;Decision 1;Process 3;Process 2;Process 1;Start.;YES;Process 9;\uo-;Decision 2;Process 8;Process 7;Process 6;Process 5
flowchart57.vsd_page_1	End;Process 5;YES;Process 4;,"0,;Decision 1;Process 3;Process 2;Process 1;Start.
flowchart58.vsd_page_1	End;Process 5;Decision 1;Process 1;Start.;no;Process 4;Decision 2;Process 3;YES;Process 2;.110.
flowchart59.vsd_page_1	End;was;4.0,;Sc
flowchart6.vsd_page_1	End;Process 6;Jags.;Decision 1;Process 1;Start.;Process 5;Process 4;Decision 2;Process 3;Process 2
flowchart60.vsd_page_1	End;Process 3;YES;Process 2;Decision 1;Process 1;Start.
flowchart61.vsd_page_1	End;Frncess 5;Decisinn 1;Frncess 1;Start;YES;Frncess 4;7N0,;Decisinn 2;Frncess 3;N0;Frncess 2;-YES-
flowchart62.vsd_page_1	End;#557;Sc;«Es.;,YES,
flowchart63.vsd_page_1	End;Process 8;Process 2;Process 1;Start.;Process 7;Process 6;Process 5;Process 4;Process 3;Jags.;Decision 1
flowchart64.vsd_page_1	End;Process 10;Decision 2;‘Process 6‘;‘Process 5‘;Process 4;Process 3;no;Process 2;Decision 1;Process 1;YES;Start.;Process 9;.110.;Decision 3;Process 8;YES;Process 7;,"0,
flowchart65.vsd_page_1	End;was;Sc;4.0.;was
flowchart66.vsd_page_1	End;Frncess 4;YES;«{ Frncess 3;7N0,;Decisinn 1;Frncess 2;Frncess 1;Start
flowchart67.vsd_page_1	End;Frncess 9;YES;Frncess 3;_N0_;Decisinn 1;Frncessrucgss 2;Frncess 1;Start;YES;-{ Frncess 8;_N0_;Decisinn 2;Frncess 7;Frncess 6;Frncessrucgss 5;Frncess 4
flowchart68.vsd_page_1	End;Process 3;YES;Process 2;Decision 1;Process 1;Start.
flowchart69.vsd_page_1	End;s:
flowchart7.vsd_page_1	End;was;4.0,;Sc
flowchart70.vsd_page_1	End;s:
flowchart71.vsd_page_1	End;s:
flowchart72.vsd_page_1	End;was;,“0,;Sc
flowchart73.vsd_page_1	End;Frncessrucgss 7;Frncess 2;,YES,;Decisinn 1;Frncess 1;Start;Frncess 6;YES;Frncess 5;7N0,;Decisinn 2;Frncess 4;Frncess 3;N0
flowchart74.vsd_page_1	End;was;4.0,;Sc
flowchart75.vsd_page_1	End;was;,“0,;Sc
flowchart76.vsd_page_1	End;Frncess 14;Decisinn 2;Frncess 10;Nb;Frncess 9;-YES—;Decisinn 1;Frncessrucsss;Frncess 7;rigggzzsa;Frncess 5;YES;Frncess 4;Frncess 3;rigggzzﬂ;Frncess 1;Start;Frncess 13;_N0_;Decisinn 3;Frncess 12;Nb;Frncess 11;fYEs—
flowchart77.vsd_page_1	End;Process 6;Decision 1;Process 2‘ ‘;Process 1;Start.;Process 5;Decision 2;Process 4;YES;Process 3;,"0,
flowchart78.vsd_page_1	End;was;Sc;4:0-;was,
flowchart79.vsd_page_1	End;Process 3;Process 2;Decision 1;Process 1;Start.
flowchart8.vsd_page_1	End;Frncessrucgss 7;Frncess 2;7N0,;Decisinn 1;Frncess 1;Start;Frncess 6;Nb;Frncess 5;Ms,;Decisinn 2;f‘igggzzj;Frncess 3;YES
flowchart80.vsd_page_1	End;was,;Sc
flowchart81.vsd_page_1	End;Sc
flowchart82.vsd_page_1	End;Frncess 4;N0;Frncess 3;-YES-;Decisinn 1;rigggzzﬂ;Frncess 1;Start;rigggzzsa;Frncess 8;Nb;«{ Frncess 7;,YES,;Decisinn 2;Frncessraciss;Frncessrncgss
flowchart83.vsd_page_1	End;#557;was,;Sc
flowchart84.vsd_page_1	End;Frncessrucgss;Frncess 1;Start
flowchart85.vsd_page_1	End;was,;was;4.0.;Sc
flowchart86.vsd_page_1	End;was;4.0,;Sc
flowchart87.vsd_page_1	End;Process 10;Decision 2;Process 3;no;Process 2;Decision 1;Process 1;Start.;Process 9;Process 8;Process 7;Process 6;Process 5;YES;Process 4;\uo-
flowchart88.vsd_page_1	End;Frncess 7;Frncess 6;Frncessrucgss;’p‘igggzzﬁ;Frncessrucgss a;Frncess 2;Frncess 1;Start
flowchart89.vsd_page_1	End;P:;Sc;«Es.;P:;was;4:0-
flowchart9.vsd_page_1	End;Frncess 8;Frncess 7;Frncessraciss e;Frncessrucgss;Frncess 4;Frncessrncgss a;Frncessrncgss 2;Frncess 1;Start
flowchart90.vsd_page_1	End;Frncess 9;Start;Frncessrucass 8;Frncessrucgss;Frncess 6;Frncessrncgss 5;Frncess 4;Frncess 3;Frncessrncgss 2;Frncess 1
flowchart91.vsd_page_1	End;was;4.0,;was;Sc
flowchart92.vsd_page_1	End;was;Sc
flowchart93.vsd_page_1	End;no;#557;Sc
flowchart94.vsd_page_1	End;was;4.0.;#557;Sc
flowchart95.vsd_page_1	End;Sc
flowchart96.vsd_page_1	End;Process 11;Process 5;Decision 2;Process 4;no;Process 3;Jags,;Decision 1;Process 2‘ \;Process 1;Start.;Process 10;Jags.;Decision 3;Process 9;Process 8;Process 7;Process 6
flowchart97.vsd_page_1	End;was;4.0.;was,;Sc
flowchart98.vsd_page_1	End;Process 8;Decision 1;Process 4;Process 3;Process 2;Process 1;Start.;Process 7;Decision 2;Process 6;YES;Process 5;,"0,
flowchart99.vsd_page_1	End;Frncess 4;Frncess 3;YES;«{ Frncess 2;*Nl};Decisinn 1;Frncess 1;Start
